strategy,total_pnl,final_cash,final_inventory,trade_count,filled_volume,volume_fill_rate,quote_order_fill_rate,average_quoted_spread,maximum_absolute_inventory,inventory_volatility,maximum_drawdown
No inventory control,100.13090953379287,98304.8099999992,18,645,2310,0.2490566037735849,0.3477088948787062,0.12000000000000002,34,19.57498403575339,15.140014949007309
Tight spread,16.715151588548906,99717.49499999944,3,554,1985,0.1985,0.277,0.08,10,5.4115941274267785,4.469809038564563
Baseline,45.91705052906764,99946.17699999937,1,498,1783,0.1783,0.249,0.12000000000000005,8,3.929356054113702,1.324526734810206
Conservative,63.14010105880152,99863.6599999994,2,374,1340,0.134,0.187,0.18,5,2.583824877966771,0.5490622158395126
